"chromosome_name"	"start"	"stop"	"reference"	"variant"	"type"	"primary"	"DOID"	"disease"	"pubmed_id"	"source"	"source2"	"source3"	"url"	"Description"	"Effect"	"Pathway"	"Association_1"	"Therapeutic_context_1"	"Status_1"	"Evidence_1"	"PMID_1"	"Association_2"	"Therapeutic_context_2"	"Status_2"	"Evidence_2"	"PMID_2"	"Association_3"	"Therapeutic_context_3"	"Status_3"	"Evidence_3"	"PMID_3"	"Association_4"	"Therapeutic_context_4"	"Status_4"	"Evidence_4"	"PMID_4"	"Association_5"	"Therapeutic_context_5"	"Status_5"	"Evidence_5"	"PMID_5"	"Association_6"	"Therapeutic_context_6"	"Status_6"	"Evidence_6"	"PMID_6"	"Jason_Kunisaki_Dientsmann"	"Reason"	"Note"	"Gene"	"Mutation"	"gene_name"	"transcript_name"	"transcript_species"	"transcript_source"	"transcript_version"	"strand"	"transcript_status"	"trv_type"	"c_position"	"amino_acid_change"	"ucsc_cons"	"domain"	"all_domains"	"deletion_substructures"	"transcript_error"	"default_gene_name"	"gene_name_source"	"ensembl_gene_id"
1	115256528	115256528	"T"	"A"	"SNP"	1	"DOID:9119"	"AML"	19657110		"TimLey"																																									"NRAS"	"ENST00000369535"	"human"	"ensembl"	"74_37"	-1	"known"	"missense"	"c.183"	"p.Q61H"	1	"pfam_Small_GTPase,pfam_MIRO-like,pfam_Small_GTPase_ARF/SAR,pfam_EF_GTP-bd_dom,superfamily_P-loop_NTPase,smart_Small_GTPase_Ras,smart_Small_GTPase_Rab_type,smart_Small_GTPase_Rho,prints_Small_GTPase,tigrfam_Small_GTP-bd_dom"	"pfam_Small_GTPase,pfam_MIRO-like,pfam_Small_GTPase_ARF/SAR,pfam_EF_GTP-bd_dom,superfamily_P-loop_NTPase,smart_Small_GTPase_Ras,smart_Small_GTPase_Rab_type,smart_Small_GTPase_Rho,prints_Small_GTPase,tigrfam_Small_GTP-bd_dom"	0	"no_errors"	"NRAS"	"HGNC"	"ENSG00000213281"
1	115256528	115256528	"T"	"G"	"SNP"	1	"DOID:9119"	"AML"	19657110		"TimLey"																																									"NRAS"	"ENST00000369535"	"human"	"ensembl"	"74_37"	-1	"known"	"missense"	"c.183"	"p.Q61H"	1	"pfam_Small_GTPase,pfam_MIRO-like,pfam_Small_GTPase_ARF/SAR,pfam_EF_GTP-bd_dom,superfamily_P-loop_NTPase,smart_Small_GTPase_Ras,smart_Small_GTPase_Rab_type,smart_Small_GTPase_Rho,prints_Small_GTPase,tigrfam_Small_GTP-bd_dom"	"pfam_Small_GTPase,pfam_MIRO-like,pfam_Small_GTPase_ARF/SAR,pfam_EF_GTP-bd_dom,superfamily_P-loop_NTPase,smart_Small_GTPase_Ras,smart_Small_GTPase_Rab_type,smart_Small_GTPase_Rho,prints_Small_GTPase,tigrfam_Small_GTP-bd_dom"	0	"no_errors"	"NRAS"	"HGNC"	"ENSG00000213281"
1	115256529	115256529	"T"	"C"	"SNP"	1	"DOID:9119"	"AML"	"22407852,19075190,16434492,2278970,3122217"		"TimLey"																																									"NRAS"	"ENST00000369535"	"human"	"ensembl"	"74_37"	-1	"known"	"missense"	"c.182"	"p.Q61R"	1	"pfam_Small_GTPase,pfam_MIRO-like,pfam_Small_GTPase_ARF/SAR,pfam_EF_GTP-bd_dom,superfamily_P-loop_NTPase,smart_Small_GTPase_Ras,smart_Small_GTPase_Rab_type,smart_Small_GTPase_Rho,prints_Small_GTPase,tigrfam_Small_GTP-bd_dom"	"pfam_Small_GTPase,pfam_MIRO-like,pfam_Small_GTPase_ARF/SAR,pfam_EF_GTP-bd_dom,superfamily_P-loop_NTPase,smart_Small_GTPase_Ras,smart_Small_GTPase_Rab_type,smart_Small_GTPase_Rho,prints_Small_GTPase,tigrfam_Small_GTP-bd_dom"	0	"no_errors"	"NRAS"	"HGNC"	"ENSG00000213281"
1	115256530	115256530	"G"	"T"	"SNP"	1	"DOID:9119"	"AML"	19657110		"TimLey"																																									"NRAS"	"ENST00000369535"	"human"	"ensembl"	"74_37"	-1	"known"	"missense"	"c.181"	"p.Q61K"	1	"pfam_Small_GTPase,pfam_MIRO-like,pfam_Small_GTPase_ARF/SAR,pfam_EF_GTP-bd_dom,superfamily_P-loop_NTPase,smart_Small_GTPase_Ras,smart_Small_GTPase_Rab_type,smart_Small_GTPase_Rho,prints_Small_GTPase,tigrfam_Small_GTP-bd_dom"	"pfam_Small_GTPase,pfam_MIRO-like,pfam_Small_GTPase_ARF/SAR,pfam_EF_GTP-bd_dom,superfamily_P-loop_NTPase,smart_Small_GTPase_Ras,smart_Small_GTPase_Rab_type,smart_Small_GTPase_Rho,prints_Small_GTPase,tigrfam_Small_GTP-bd_dom"	0	"no_errors"	"NRAS"	"HGNC"	"ENSG00000213281"
1	115258744	115258744	"C"	"A"	"SNP"	1	"DOID:9119"	"AML"	19657110		"TimLey"																																									"NRAS"	"ENST00000369535"	"human"	"ensembl"	"74_37"	-1	"known"	"missense"	"c.38"	"p.G13V"	1	"pfam_Small_GTPase,pfam_MIRO-like,pfam_Small_GTPase_ARF/SAR,superfamily_P-loop_NTPase,smart_Small_GTPase_Ras,smart_Small_GTPase_Rab_type,smart_Small_GTPase_Rho,prints_Small_GTPase,tigrfam_Small_GTP-bd_dom"	"pfam_Small_GTPase,pfam_MIRO-like,pfam_Small_GTPase_ARF/SAR,pfam_EF_GTP-bd_dom,superfamily_P-loop_NTPase,smart_Small_GTPase_Ras,smart_Small_GTPase_Rab_type,smart_Small_GTPase_Rho,prints_Small_GTPase,tigrfam_Small_GTP-bd_dom"	0	"no_errors"	"NRAS"	"HGNC"	"ENSG00000213281"
1	115258744	115258744	"C"	"T"	"SNP"	1	"DOID:9119"	"AML"	19657110		"TimLey"																																									"NRAS"	"ENST00000369535"	"human"	"ensembl"	"74_37"	-1	"known"	"missense"	"c.38"	"p.G13D"	1	"pfam_Small_GTPase,pfam_MIRO-like,pfam_Small_GTPase_ARF/SAR,superfamily_P-loop_NTPase,smart_Small_GTPase_Ras,smart_Small_GTPase_Rab_type,smart_Small_GTPase_Rho,prints_Small_GTPase,tigrfam_Small_GTP-bd_dom"	"pfam_Small_GTPase,pfam_MIRO-like,pfam_Small_GTPase_ARF/SAR,pfam_EF_GTP-bd_dom,superfamily_P-loop_NTPase,smart_Small_GTPase_Ras,smart_Small_GTPase_Rab_type,smart_Small_GTPase_Rho,prints_Small_GTPase,tigrfam_Small_GTP-bd_dom"	0	"no_errors"	"NRAS"	"HGNC"	"ENSG00000213281"
1	115258747	115258747	"C"	"A"	"SNP"	1	"DOID:9119"	"AML"	19657110		"TimLey"																																									"NRAS"	"ENST00000369535"	"human"	"ensembl"	"74_37"	-1	"known"	"missense"	"c.35"	"p.G12V"	1	"pfam_Small_GTPase,pfam_MIRO-like,pfam_Small_GTPase_ARF/SAR,superfamily_P-loop_NTPase,smart_Small_GTPase_Ras,smart_Small_GTPase_Rab_type,smart_Small_GTPase_Rho,prints_Small_GTPase,tigrfam_Small_GTP-bd_dom"	"pfam_Small_GTPase,pfam_MIRO-like,pfam_Small_GTPase_ARF/SAR,pfam_EF_GTP-bd_dom,superfamily_P-loop_NTPase,smart_Small_GTPase_Ras,smart_Small_GTPase_Rab_type,smart_Small_GTPase_Rho,prints_Small_GTPase,tigrfam_Small_GTP-bd_dom"	0	"no_errors"	"NRAS"	"HGNC"	"ENSG00000213281"
1	115258747	115258747	"C"	"T"	"SNP"	1	"DOID:9119"	"AML"	"19657110,22407852,19075190,16434492,2278970,3122217"		"TimLey"																																									"NRAS"	"ENST00000369535"	"human"	"ensembl"	"74_37"	-1	"known"	"missense"	"c.35"	"p.G12D"	1	"pfam_Small_GTPase,pfam_MIRO-like,pfam_Small_GTPase_ARF/SAR,superfamily_P-loop_NTPase,smart_Small_GTPase_Ras,smart_Small_GTPase_Rab_type,smart_Small_GTPase_Rho,prints_Small_GTPase,tigrfam_Small_GTP-bd_dom"	"pfam_Small_GTPase,pfam_MIRO-like,pfam_Small_GTPase_ARF/SAR,pfam_EF_GTP-bd_dom,superfamily_P-loop_NTPase,smart_Small_GTPase_Ras,smart_Small_GTPase_Rab_type,smart_Small_GTPase_Rho,prints_Small_GTPase,tigrfam_Small_GTP-bd_dom"	0	"no_errors"	"NRAS"	"HGNC"	"ENSG00000213281"
1	115258748	115258748	"C"	"A"	"SNP"	1	"DOID:9119"	"AML"	"19657110,22407852,19075190,16434492,2278970,3122217"		"TimLey"																																									"NRAS"	"ENST00000369535"	"human"	"ensembl"	"74_37"	-1	"known"	"missense"	"c.34"	"p.G12C"	1	"pfam_Small_GTPase,pfam_MIRO-like,pfam_Small_GTPase_ARF/SAR,superfamily_P-loop_NTPase,smart_Small_GTPase_Ras,smart_Small_GTPase_Rab_type,smart_Small_GTPase_Rho,prints_Small_GTPase,tigrfam_Small_GTP-bd_dom"	"pfam_Small_GTPase,pfam_MIRO-like,pfam_Small_GTPase_ARF/SAR,pfam_EF_GTP-bd_dom,superfamily_P-loop_NTPase,smart_Small_GTPase_Ras,smart_Small_GTPase_Rab_type,smart_Small_GTPase_Rho,prints_Small_GTPase,tigrfam_Small_GTP-bd_dom"	0	"no_errors"	"NRAS"	"HGNC"	"ENSG00000213281"
1	115258748	115258748	"C"	"T"	"SNP"	1	"DOID:9119"	"AML"	19657110		"TimLey"																																									"NRAS"	"ENST00000369535"	"human"	"ensembl"	"74_37"	-1	"known"	"missense"	"c.34"	"p.G12S"	1	"pfam_Small_GTPase,pfam_MIRO-like,pfam_Small_GTPase_ARF/SAR,superfamily_P-loop_NTPase,smart_Small_GTPase_Ras,smart_Small_GTPase_Rab_type,smart_Small_GTPase_Rho,prints_Small_GTPase,tigrfam_Small_GTP-bd_dom"	"pfam_Small_GTPase,pfam_MIRO-like,pfam_Small_GTPase_ARF/SAR,pfam_EF_GTP-bd_dom,superfamily_P-loop_NTPase,smart_Small_GTPase_Ras,smart_Small_GTPase_Rab_type,smart_Small_GTPase_Rho,prints_Small_GTPase,tigrfam_Small_GTP-bd_dom"	0	"no_errors"	"NRAS"	"HGNC"	"ENSG00000213281"
1	36933434	36933434	"G"	"A"	"SNP"	1	"DOID:9119"	"AML"	23634996		"TimLey"																																									"CSF3R"	"ENST00000373103"	"human"	"ensembl"	"74_37"	-1	"known"	"missense"	"c.1853"	"p.T618I"	0.998	"superfamily_Fibronectin_type3,pfscan_Fibronectin_type3"	"pfam_IgC2-like_lig-bd,pfam_Fibronectin_type3,superfamily_Fibronectin_type3,smart_Fibronectin_type3,pfscan_Fibronectin_type3"	0	"no_errors"	"CSF3R"	"HGNC"	"ENSG00000119535"
1	43814978	43814978	"A"	"T"	"SNP"	1	"DOID:2226"	"Myeloproliferative neoplasms "	21228032		"TimLey"																																									"MPL"	"ENST00000372470"	"human"	"ensembl"	"74_37"	1	"known"	"missense"	"c.1513"	"p.S505C"	0.977	"NULL"	"pfam_Growth/epo_recpt_lig-bind,pfam_Fibronectin_type3,superfamily_Fibronectin_type3,smart_Fibronectin_type3,pfscan_Fibronectin_type3"	0	"no_errors"	"MPL"	"HGNC"	"ENSG00000117400"
1	43814979	43814979	"G"	"A"	"SNP"	1	"DOID:2226"	"Myeloproliferative disorders"	"18528423, 18451306, 23970983"		"TimLey"																																									"MPL"	"ENST00000372470"	"human"	"ensembl"	"74_37"	1	"known"	"missense"	"c.1514"	"p.S505N"	0.925	"NULL"	"pfam_Growth/epo_recpt_lig-bind,pfam_Fibronectin_type3,superfamily_Fibronectin_type3,smart_Fibronectin_type3,pfscan_Fibronectin_type3"	0	"no_errors"	"MPL"	"HGNC"	"ENSG00000117400"
1	43814979	43814979	"G"	"A"	"SNP"	1	"DOID:4971"	"primary myelofibrosis"	"20151976, 18528423"		"TimLey"																																									"MPL"	"ENST00000372470"	"human"	"ensembl"	"74_37"	1	"known"	"missense"	"c.1514"	"p.S505N"	0.925	"NULL"	"pfam_Growth/epo_recpt_lig-bind,pfam_Fibronectin_type3,superfamily_Fibronectin_type3,smart_Fibronectin_type3,pfscan_Fibronectin_type3"	0	"no_errors"	"MPL"	"HGNC"	"ENSG00000117400"
1	43815009	43815009	"G"	"T"	"SNP"	1	"DOID:2531"	"MPN"	16834459		"TimLey"			"missense mutation"	"gain-of-function"	"activation"	"sensitivity"	"JAK inhibitors"	"preclinical"	"emerging"	16834459																														"MPL"	"MPL"	"ENST00000372470"	"human"	"ensembl"	"74_37"	1	"known"	"missense"	"c.1544"	"p.W515L"	1	"NULL"	"pfam_Growth/epo_recpt_lig-bind,pfam_Fibronectin_type3,superfamily_Fibronectin_type3,smart_Fibronectin_type3,pfscan_Fibronectin_type3"	0	"no_errors"	"MPL"	"HGNC"	"ENSG00000117400"
1	65312347	65312347	"C"	"A"	"SNP"	1	"DOID:9119"	"acute myeloid leukemia"	"21680795, 21436584"		"TimLey"																																									"JAK1"	"ENST00000342505"	"human"	"ensembl"	"74_37"	-1	"known"	"missense"	"c.1972"	"p.V658F"	1	"pirsf_Tyr_kinase_non-rcpt_Jak/Tyk2,pfam_Ser-Thr/Tyr_kinase_cat_dom,pfam_Prot_kinase_dom,superfamily_Kinase-like_dom,smart_Ser/Thr_dual-sp_kinase_dom,smart_Tyr_kinase_cat_dom,pfscan_Prot_kinase_dom"	"pirsf_Tyr_kinase_non-rcpt_Jak/Tyk2,pfam_Ser-Thr/Tyr_kinase_cat_dom,pfam_Prot_kinase_dom,superfamily_Kinase-like_dom,superfamily_FERM_central,smart_Band_41_domain,smart_SH2,smart_Ser/Thr_dual-sp_kinase_dom,smart_Tyr_kinase_cat_dom,prints_Tyr_kinase_non-rcpt_Jak/Tyk2,prints_Tyr_kinase_non-rcpt_Jak1,prints_Ser-Thr/Tyr_kinase_cat_dom,pfscan_FERM_domain,pfscan_SH2,pfscan_Prot_kinase_dom"	0	"no_errors"	"JAK1"	"HGNC"	"ENSG00000162434"
11	32417909	32417910	0	"ACCGTACA"	"INS"	1	"DOID:9119"	"AML"	"24659740,24671364,24667279,24521058,24422723,24374862"		"TimLey"																																									"WT1"	"ENST00000332351"	"human"	"ensembl"	"74_37"	-1	"known"	"frame_shift_ins"	"c.1143_1142"	"p.A382fs"	"0.010:0.999"	"pfam_Wilms_tumour_N"	"pfam_Wilms_tumour_N,pfam_Znf_C2H2,smart_Znf_C2H2-like,pfscan_Znf_C2H2,prints_Wilms_tumour"	0	"no_errors"	"WT1"	"HGNC"	"ENSG00000184937"
12	25380275	25380275	"T"	"A"	"SNP"	1	"DOID:9119"	"AML"	"22407852,19075190,16434492,2278970,3122217"		"TimLey"																																									"KRAS"	"ENST00000256078"	"human"	"ensembl"	"74_37"	-1	"known"	"missense"	"c.183"	"p.Q61H"	1	"pfam_Small_GTPase,pfam_MIRO-like,pfam_Small_GTPase_ARF/SAR,pfam_EF_GTP-bd_dom,superfamily_P-loop_NTPase,smart_Small_GTPase_Ras,smart_Small_GTPase_Rab_type,smart_Small_GTPase_Rho,smart_Ran_GTPase,prints_Small_GTPase,tigrfam_Small_GTP-bd_dom"	"pfam_Small_GTPase,pfam_MIRO-like,pfam_Small_GTPase_ARF/SAR,pfam_EF_GTP-bd_dom,superfamily_P-loop_NTPase,smart_Small_GTPase_Ras,smart_Small_GTPase_Rab_type,smart_Small_GTPase_Rho,smart_Ran_GTPase,prints_Small_GTPase,tigrfam_Small_GTP-bd_dom"	0	"no_errors"	"KRAS"	"HGNC"	"ENSG00000133703"
12	25380275	25380275	"T"	"G"	"SNP"	1	"DOID:9119"	"AML"	"22407852,19075190,16434492,2278970,3122217"		"TimLey"																																									"KRAS"	"ENST00000256078"	"human"	"ensembl"	"74_37"	-1	"known"	"missense"	"c.183"	"p.Q61H"	1	"pfam_Small_GTPase,pfam_MIRO-like,pfam_Small_GTPase_ARF/SAR,pfam_EF_GTP-bd_dom,superfamily_P-loop_NTPase,smart_Small_GTPase_Ras,smart_Small_GTPase_Rab_type,smart_Small_GTPase_Rho,smart_Ran_GTPase,prints_Small_GTPase,tigrfam_Small_GTP-bd_dom"	"pfam_Small_GTPase,pfam_MIRO-like,pfam_Small_GTPase_ARF/SAR,pfam_EF_GTP-bd_dom,superfamily_P-loop_NTPase,smart_Small_GTPase_Ras,smart_Small_GTPase_Rab_type,smart_Small_GTPase_Rho,smart_Ran_GTPase,prints_Small_GTPase,tigrfam_Small_GTP-bd_dom"	0	"no_errors"	"KRAS"	"HGNC"	"ENSG00000133703"
12	25398281	25398281	"C"	"T"	"SNP"	1	"DOID:9119"	"AML"	"22407852,19075190,16434492,2278970,3122217"		"TimLey"																																									"KRAS"	"ENST00000256078"	"human"	"ensembl"	"74_37"	-1	"known"	"missense"	"c.38"	"p.G13D"	1	"pfam_Small_GTPase,pfam_MIRO-like,pfam_Small_GTPase_ARF/SAR,superfamily_P-loop_NTPase,smart_Small_GTPase_Ras,smart_Small_GTPase_Rab_type,smart_Small_GTPase_Rho,smart_Ran_GTPase,prints_Small_GTPase,tigrfam_Small_GTP-bd_dom"	"pfam_Small_GTPase,pfam_MIRO-like,pfam_Small_GTPase_ARF/SAR,pfam_EF_GTP-bd_dom,superfamily_P-loop_NTPase,smart_Small_GTPase_Ras,smart_Small_GTPase_Rab_type,smart_Small_GTPase_Rho,smart_Ran_GTPase,prints_Small_GTPase,tigrfam_Small_GTP-bd_dom"	0	"no_errors"	"KRAS"	"HGNC"	"ENSG00000133703"
12	25398284	25398284	"C"	"A"	"SNP"	1	"DOID:9119"	"AML"	"22407852,19075190,16434492,2278970,3122217"		"TimLey"																																									"KRAS"	"ENST00000256078"	"human"	"ensembl"	"74_37"	-1	"known"	"missense"	"c.35"	"p.G12V"	1	"pfam_Small_GTPase,pfam_MIRO-like,pfam_Small_GTPase_ARF/SAR,superfamily_P-loop_NTPase,smart_Small_GTPase_Ras,smart_Small_GTPase_Rab_type,smart_Small_GTPase_Rho,smart_Ran_GTPase,prints_Small_GTPase,tigrfam_Small_GTP-bd_dom"	"pfam_Small_GTPase,pfam_MIRO-like,pfam_Small_GTPase_ARF/SAR,pfam_EF_GTP-bd_dom,superfamily_P-loop_NTPase,smart_Small_GTPase_Ras,smart_Small_GTPase_Rab_type,smart_Small_GTPase_Rho,smart_Ran_GTPase,prints_Small_GTPase,tigrfam_Small_GTP-bd_dom"	0	"no_errors"	"KRAS"	"HGNC"	"ENSG00000133703"
12	25398284	25398284	"C"	"T"	"SNP"	1	"DOID:9119"	"AML"	"22407852,19075190,16434492,2278970,3122217"		"TimLey"																																									"KRAS"	"ENST00000256078"	"human"	"ensembl"	"74_37"	-1	"known"	"missense"	"c.35"	"p.G12D"	1	"pfam_Small_GTPase,pfam_MIRO-like,pfam_Small_GTPase_ARF/SAR,superfamily_P-loop_NTPase,smart_Small_GTPase_Ras,smart_Small_GTPase_Rab_type,smart_Small_GTPase_Rho,smart_Ran_GTPase,prints_Small_GTPase,tigrfam_Small_GTP-bd_dom"	"pfam_Small_GTPase,pfam_MIRO-like,pfam_Small_GTPase_ARF/SAR,pfam_EF_GTP-bd_dom,superfamily_P-loop_NTPase,smart_Small_GTPase_Ras,smart_Small_GTPase_Rab_type,smart_Small_GTPase_Rho,smart_Ran_GTPase,prints_Small_GTPase,tigrfam_Small_GTP-bd_dom"	0	"no_errors"	"KRAS"	"HGNC"	"ENSG00000133703"
13	28592620	28592620	"T"	"C"	"SNP"	1	"DOID:9119"	"AML"	"22504184,23430109,24619500"					"missense mutation"	"gain-of-function"	"activation"	"resistance"	"quizartinib"	"preclinical"	"emerging"	22504184	"resistance"	"ponatinib"	"preclinical"	"emerging"	23430109	"sensitivity"	"crenolanib, PKC412"	"preclinical"	"emerging"	24619500																"Jason Kunisaki"	"Reason: ""Y842 substitutions confer intermediate resistance to these inhibitors [ponatib]"	"2nd article and 3rd article"		"FLT3"	"FLT3"	"ENST00000380982"	"human"	"ensembl"	"74_37"	-1	"known"	"missense"	"c.2525"	"p.Y842C"	1	"pfam_Ser-Thr/Tyr_kinase_cat_dom,pfam_Prot_kinase_dom,superfamily_Kinase-like_dom,smart_Ser/Thr_dual-sp_kinase_dom,smart_Tyr_kinase_cat_dom,pfscan_Prot_kinase_dom"	"pfam_Ser-Thr/Tyr_kinase_cat_dom,pfam_Prot_kinase_dom,pfam_Immunoglobulin,superfamily_Kinase-like_dom,smart_Ser/Thr_dual-sp_kinase_dom,smart_Tyr_kinase_cat_dom,pfscan_Prot_kinase_dom,pfscan_Ig-like_dom"	0	"no_errors"	"FLT3"	"HGNC"	"ENSG00000122025"
13	28592621	28592621	"A"	"G"	"SNP"	1	"DOID:9119"	"AML"	"22504184,23430109,24619500"					"missense mutation"	"gain-of-function"	"activation"	"resistance"	"quizartinib"	"preclinical"	"emerging"	22504184	"resistance"	"ponatinib"	"preclinical"	"emerging"	23430109	"sensitivity"	"crenolanib, PKC412"	"preclinical"	"emerging"	24619500																"Jason Kunisaki"	"Reason: ""Y842 substitutions confer intermediate resistance to these inhibitors [ponatib]"	"2nd article"		"FLT3"	"FLT3"	"ENST00000380982"	"human"	"ensembl"	"74_37"	-1	"known"	"missense"	"c.2524"	"p.Y842H"	1	"pfam_Ser-Thr/Tyr_kinase_cat_dom,pfam_Prot_kinase_dom,superfamily_Kinase-like_dom,smart_Ser/Thr_dual-sp_kinase_dom,smart_Tyr_kinase_cat_dom,pfscan_Prot_kinase_dom"	"pfam_Ser-Thr/Tyr_kinase_cat_dom,pfam_Prot_kinase_dom,pfam_Immunoglobulin,superfamily_Kinase-like_dom,smart_Ser/Thr_dual-sp_kinase_dom,smart_Tyr_kinase_cat_dom,pfscan_Prot_kinase_dom,pfscan_Ig-like_dom"	0	"no_errors"	"FLT3"	"HGNC"	"ENSG00000122025"
13	28592629	28592629	"T"	"C"	"SNP"	1	"DOID:9119"	"AML"	15667533		"TimLey"																																									"FLT3"	"ENST00000380982"	"human"	"ensembl"	"74_37"	-1	"known"	"missense"	"c.2516"	"p.D839G"	1	"pfam_Ser-Thr/Tyr_kinase_cat_dom,pfam_Prot_kinase_dom,superfamily_Kinase-like_dom,smart_Ser/Thr_dual-sp_kinase_dom,smart_Tyr_kinase_cat_dom,pfscan_Prot_kinase_dom"	"pfam_Ser-Thr/Tyr_kinase_cat_dom,pfam_Prot_kinase_dom,pfam_Immunoglobulin,superfamily_Kinase-like_dom,smart_Ser/Thr_dual-sp_kinase_dom,smart_Tyr_kinase_cat_dom,pfscan_Prot_kinase_dom,pfscan_Ig-like_dom"	0	"no_errors"	"FLT3"	"HGNC"	"ENSG00000122025"
13	28592637	28592637	"G"	"C"	"SNP"	1	"DOID:9119"	"AML"	"23261068,23783394,23321257,22368270,23714533,22504186"	"MyCancerGenome"			"http://www.mycancergenome.org/content/disease/acute-myeloid-leukemia/flt3/290"																																							"FLT3"	"ENST00000380982"	"human"	"ensembl"	"74_37"	-1	"known"	"missense"	"c.2508"	"p.I836M"	0.082	"pfam_Ser-Thr/Tyr_kinase_cat_dom,pfam_Prot_kinase_dom,superfamily_Kinase-like_dom,smart_Ser/Thr_dual-sp_kinase_dom,smart_Tyr_kinase_cat_dom,pfscan_Prot_kinase_dom"	"pfam_Ser-Thr/Tyr_kinase_cat_dom,pfam_Prot_kinase_dom,pfam_Immunoglobulin,superfamily_Kinase-like_dom,smart_Ser/Thr_dual-sp_kinase_dom,smart_Tyr_kinase_cat_dom,pfscan_Prot_kinase_dom,pfscan_Ig-like_dom"	0	"no_errors"	"FLT3"	"HGNC"	"ENSG00000122025"
13	28592639	28592639	"T"	"G"	"SNP"	1	"DOID:9119"	"AML"	"23261068,23783394,23321257,22368270,23714533,22504186"	"MyCancerGenome"			"http://www.mycancergenome.org/content/disease/acute-myeloid-leukemia/flt3/284"																																							"FLT3"	"ENST00000380982"	"human"	"ensembl"	"74_37"	-1	"known"	"missense"	"c.2506"	"p.I836L"	0.998	"pfam_Ser-Thr/Tyr_kinase_cat_dom,pfam_Prot_kinase_dom,superfamily_Kinase-like_dom,smart_Ser/Thr_dual-sp_kinase_dom,smart_Tyr_kinase_cat_dom,pfscan_Prot_kinase_dom"	"pfam_Ser-Thr/Tyr_kinase_cat_dom,pfam_Prot_kinase_dom,pfam_Immunoglobulin,superfamily_Kinase-like_dom,smart_Ser/Thr_dual-sp_kinase_dom,smart_Tyr_kinase_cat_dom,pfscan_Prot_kinase_dom,pfscan_Ig-like_dom"	0	"no_errors"	"FLT3"	"HGNC"	"ENSG00000122025"
13	28592640	28592640	"A"	"C"	"SNP"	1	"DOID:9119"	"AML"	"23261068,23783394,23321257,22368270,23714533,22504183,15256420,11290608,19657110,22504184,23430109,22368270,20733134,16857985"	"MyCancerGenome"	"TimLey"		"http://www.mycancergenome.org/content/disease/acute-myeloid-leukemia/flt3/283"	"missense mutation"	"gain-of-function"	"activation"	"resistance"	"quizartinib"	"preclinical"	"emerging"	22504184	"resistance"	"ponatinib"	"preclinical"	"emerging"	23430109	"resistance"	"sorafenib"	"case report"	"emerging"	22368270	"response"	"midostaurin"	"case report"	"emerging"	20733134	"response"	"lestaurtinib"	"case report"	"emerging"	16857985											"FLT3"	"ENST00000380982"	"human"	"ensembl"	"74_37"	-1	"known"	"missense"	"c.2505"	"p.D835E"	0.968	"pfam_Ser-Thr/Tyr_kinase_cat_dom,pfam_Prot_kinase_dom,superfamily_Kinase-like_dom,smart_Ser/Thr_dual-sp_kinase_dom,smart_Tyr_kinase_cat_dom,pfscan_Prot_kinase_dom"	"pfam_Ser-Thr/Tyr_kinase_cat_dom,pfam_Prot_kinase_dom,pfam_Immunoglobulin,superfamily_Kinase-like_dom,smart_Ser/Thr_dual-sp_kinase_dom,smart_Tyr_kinase_cat_dom,pfscan_Prot_kinase_dom,pfscan_Ig-like_dom"	0	"no_errors"	"FLT3"	"HGNC"	"ENSG00000122025"
13	28592640	28592640	"A"	"T"	"SNP"	1	"DOID:9119"	"AML"	"23261068,23783394,23321257,22368270,23714533,22504183,15256420,11290608,19657110,22504184,23430109,22368270,20733134,16857985"	"MyCancerGenome"	"TimLey"		"http://www.mycancergenome.org/content/disease/acute-myeloid-leukemia/flt3/288"	"missense mutation"	"gain-of-function"	"activation"	"resistance"	"quizartinib"	"preclinical"	"emerging"	22504184	"resistance"	"ponatinib"	"preclinical"	"emerging"	23430109	"resistance"	"sorafenib"	"case report"	"emerging"	22368270	"response"	"midostaurin"	"case report"	"emerging"	20733134	"response"	"lestaurtinib"	"case report"	"emerging"	16857985											"FLT3"	"ENST00000380982"	"human"	"ensembl"	"74_37"	-1	"known"	"missense"	"c.2505"	"p.D835E"	0.968	"pfam_Ser-Thr/Tyr_kinase_cat_dom,pfam_Prot_kinase_dom,superfamily_Kinase-like_dom,smart_Ser/Thr_dual-sp_kinase_dom,smart_Tyr_kinase_cat_dom,pfscan_Prot_kinase_dom"	"pfam_Ser-Thr/Tyr_kinase_cat_dom,pfam_Prot_kinase_dom,pfam_Immunoglobulin,superfamily_Kinase-like_dom,smart_Ser/Thr_dual-sp_kinase_dom,smart_Tyr_kinase_cat_dom,pfscan_Prot_kinase_dom,pfscan_Ig-like_dom"	0	"no_errors"	"FLT3"	"HGNC"	"ENSG00000122025"
13	28592641	28592641	"T"	"A"	"SNP"	1	"DOID:9119"	"AML"	"23261068,23783394,23321257,22368270,23714533,22504183,15256420,11290608,19657110,22504184,23430109,22368270,20733134,16857985"	"MyCancerGenome"			"http://www.mycancergenome.org/content/disease/acute-myeloid-leukemia/flt3/282"	"missense mutation"	"gain-of-function"	"activation"	"resistance"	"quizartinib"	"preclinical"	"emerging"	22504184	"resistance"	"ponatinib"	"preclinical"	"emerging"	23430109	"resistance"	"sorafenib"	"case report"	"emerging"	22368270	"response"	"midostaurin"	"case report"	"emerging"	20733134	"response"	"lestaurtinib"	"case report"	"emerging"	16857985											"FLT3"	"ENST00000380982"	"human"	"ensembl"	"74_37"	-1	"known"	"missense"	"c.2504"	"p.D835V"	1	"pfam_Ser-Thr/Tyr_kinase_cat_dom,pfam_Prot_kinase_dom,superfamily_Kinase-like_dom,smart_Ser/Thr_dual-sp_kinase_dom,smart_Tyr_kinase_cat_dom,pfscan_Prot_kinase_dom"	"pfam_Ser-Thr/Tyr_kinase_cat_dom,pfam_Prot_kinase_dom,pfam_Immunoglobulin,superfamily_Kinase-like_dom,smart_Ser/Thr_dual-sp_kinase_dom,smart_Tyr_kinase_cat_dom,pfscan_Prot_kinase_dom,pfscan_Ig-like_dom"	0	"no_errors"	"FLT3"	"HGNC"	"ENSG00000122025"
13	28592641	28592641	"T"	"A"	"SNP"	1	"DOID:9119"	"AML"	22504184					"missense mutation"	"gain-of-function"	"activation"	"resistance"	"quizartinib"	"preclinical"	"emerging"	22504184																										"Jason Kunisaki"	"Reason: idk, FLT3 mutations are ""resistance-conferring mutations at relapse"", study done with only ""8 paired pre-treatment and relapse"" patients, ""substitutions at F691 and D835 in FLT3-ITD will pose substantial barriers to disease control in AML patients treated with either AC220 or soradenib, and therefore represent high value targets for novel FLT3 inhibitor development efforts"			"FLT3"	"FLT3"	"ENST00000380982"	"human"	"ensembl"	"74_37"	-1	"known"	"missense"	"c.2504"	"p.D835V"	1	"pfam_Ser-Thr/Tyr_kinase_cat_dom,pfam_Prot_kinase_dom,superfamily_Kinase-like_dom,smart_Ser/Thr_dual-sp_kinase_dom,smart_Tyr_kinase_cat_dom,pfscan_Prot_kinase_dom"	"pfam_Ser-Thr/Tyr_kinase_cat_dom,pfam_Prot_kinase_dom,pfam_Immunoglobulin,superfamily_Kinase-like_dom,smart_Ser/Thr_dual-sp_kinase_dom,smart_Tyr_kinase_cat_dom,pfscan_Prot_kinase_dom,pfscan_Ig-like_dom"	0	"no_errors"	"FLT3"	"HGNC"	"ENSG00000122025"
13	28592641	28592641	"T"	"G"	"SNP"	1	"DOID:9119"	"AML"	"23261068,23783394,23321257,22368270,23714533,22504183,22504184,23430109,22368270,20733134,16857985"	"MyCancerGenome"			"http://www.mycancergenome.org/content/disease/acute-myeloid-leukemia/flt3/281"	"missense mutation"	"gain-of-function"	"activation"	"resistance"	"quizartinib"	"preclinical"	"emerging"	22504184	"resistance"	"ponatinib"	"preclinical"	"emerging"	23430109	"resistance"	"sorafenib"	"case report"	"emerging"	22368270	"response"	"midostaurin"	"case report"	"emerging"	20733134	"response"	"lestaurtinib"	"case report"	"emerging"	16857985											"FLT3"	"ENST00000380982"	"human"	"ensembl"	"74_37"	-1	"known"	"missense"	"c.2504"	"p.D835A"	1	"pfam_Ser-Thr/Tyr_kinase_cat_dom,pfam_Prot_kinase_dom,superfamily_Kinase-like_dom,smart_Ser/Thr_dual-sp_kinase_dom,smart_Tyr_kinase_cat_dom,pfscan_Prot_kinase_dom"	"pfam_Ser-Thr/Tyr_kinase_cat_dom,pfam_Prot_kinase_dom,pfam_Immunoglobulin,superfamily_Kinase-like_dom,smart_Ser/Thr_dual-sp_kinase_dom,smart_Tyr_kinase_cat_dom,pfscan_Prot_kinase_dom,pfscan_Ig-like_dom"	0	"no_errors"	"FLT3"	"HGNC"	"ENSG00000122025"
13	28592641	28592642	"TC"	"AA"	"DNP"	1	"DOID:9119"	"AML"	22504184					"missense mutation"	"gain-of-function"	"activation"	"resistance"	"quizartinib"	"preclinical"	"emerging"	22504184																										"Jason Kunisaki"	"Reason: idk, FLT3 mutations are ""resistance-conferring mutations at relapse"", study done with only ""8 paired pre-treatment and relapse"" patients, ""substitutions at F691 and D835 in FLT3-ITD will pose substantial barriers to disease control in AML patients treated with either AC220 or soradenib, and therefore represent high value targets for novel FLT3 inhibitor development efforts"	"Not normal (GAU to UUU or UUC)"		"FLT3"	"FLT3"	"ENST00000380982"	"human"	"ensembl"	"74_37"	-1	"known"	"missense"	"c.2504_2503"	"p.D835F"	"1.000:1.000"	"pfam_Ser-Thr/Tyr_kinase_cat_dom,pfam_Prot_kinase_dom,superfamily_Kinase-like_dom,smart_Ser/Thr_dual-sp_kinase_dom,smart_Tyr_kinase_cat_dom,pfscan_Prot_kinase_dom"	"pfam_Ser-Thr/Tyr_kinase_cat_dom,pfam_Prot_kinase_dom,pfam_Immunoglobulin,superfamily_Kinase-like_dom,smart_Ser/Thr_dual-sp_kinase_dom,smart_Tyr_kinase_cat_dom,pfscan_Prot_kinase_dom,pfscan_Ig-like_dom"	0	"no_errors"	"FLT3"	"HGNC"	"ENSG00000122025"
13	28592642	28592642	"C"	"A"	"SNP"	1	"DOID:9119"	"AML"	"23261068,23783394,23321257,22368270,23714533,22504183,15256420,11290608,19657110,22504184,23430109,22368270,20733134,16857985"	"MyCancerGenome"	"TimLey"		"http://www.mycancergenome.org/content/disease/acute-myeloid-leukemia/flt3/280"	"missense mutation"	"gain-of-function"	"activation"	"resistance"	"quizartinib"	"preclinical"	"emerging"	22504184	"resistance"	"ponatinib"	"preclinical"	"emerging"	23430109	"resistance"	"sorafenib"	"case report"	"emerging"	22368270	"response"	"midostaurin"	"case report"	"emerging"	20733134	"response"	"lestaurtinib"	"case report"	"emerging"	16857985											"FLT3"	"ENST00000380982"	"human"	"ensembl"	"74_37"	-1	"known"	"missense"	"c.2503"	"p.D835Y"	1	"pfam_Ser-Thr/Tyr_kinase_cat_dom,pfam_Prot_kinase_dom,superfamily_Kinase-like_dom,smart_Ser/Thr_dual-sp_kinase_dom,smart_Tyr_kinase_cat_dom,pfscan_Prot_kinase_dom"	"pfam_Ser-Thr/Tyr_kinase_cat_dom,pfam_Prot_kinase_dom,pfam_Immunoglobulin,superfamily_Kinase-like_dom,smart_Ser/Thr_dual-sp_kinase_dom,smart_Tyr_kinase_cat_dom,pfscan_Prot_kinase_dom,pfscan_Ig-like_dom"	0	"no_errors"	"FLT3"	"HGNC"	"ENSG00000122025"
13	28592642	28592642	"C"	"A"	"SNP"	1	"DOID:9119"	"AML"	22504184					"missense mutation"	"gain-of-function"	"activation"	"resistance"	"quizartinib"	"preclinical"	"emerging"	22504184																										"Jason Kunisaki"	"Reason: idk, FLT3 mutations are ""resistance-conferring mutations at relapse"", study done with only ""8 paired pre-treatment and relapse"" patients, ""substitutions at F691 and D835 in FLT3-ITD will pose substantial barriers to disease control in AML patients treated with either AC220 or soradenib, and therefore represent high value targets for novel FLT3 inhibitor development efforts"			"FLT3"	"FLT3"	"ENST00000380982"	"human"	"ensembl"	"74_37"	-1	"known"	"missense"	"c.2503"	"p.D835Y"	1	"pfam_Ser-Thr/Tyr_kinase_cat_dom,pfam_Prot_kinase_dom,superfamily_Kinase-like_dom,smart_Ser/Thr_dual-sp_kinase_dom,smart_Tyr_kinase_cat_dom,pfscan_Prot_kinase_dom"	"pfam_Ser-Thr/Tyr_kinase_cat_dom,pfam_Prot_kinase_dom,pfam_Immunoglobulin,superfamily_Kinase-like_dom,smart_Ser/Thr_dual-sp_kinase_dom,smart_Tyr_kinase_cat_dom,pfscan_Prot_kinase_dom,pfscan_Ig-like_dom"	0	"no_errors"	"FLT3"	"HGNC"	"ENSG00000122025"
13	28592642	28592642	"C"	"G"	"SNP"	1	"DOID:9119"	"AML"	"23261068,23783394,23321257,22368270,23714533,22504184,15256420,11290608,22504184,23430109,22368270,20733134,16857985"	"MyCancerGenome"			"http://www.mycancergenome.org/content/disease/acute-myeloid-leukemia/flt3/278"	"missense mutation"	"gain-of-function"	"activation"	"resistance"	"quizartinib"	"preclinical"	"emerging"	22504184	"resistance"	"ponatinib"	"preclinical"	"emerging"	23430109	"resistance"	"sorafenib"	"case report"	"emerging"	22368270	"response"	"midostaurin"	"case report"	"emerging"	20733134	"response"	"lestaurtinib"	"case report"	"emerging"	16857985											"FLT3"	"ENST00000380982"	"human"	"ensembl"	"74_37"	-1	"known"	"missense"	"c.2503"	"p.D835H"	1	"pfam_Ser-Thr/Tyr_kinase_cat_dom,pfam_Prot_kinase_dom,superfamily_Kinase-like_dom,smart_Ser/Thr_dual-sp_kinase_dom,smart_Tyr_kinase_cat_dom,pfscan_Prot_kinase_dom"	"pfam_Ser-Thr/Tyr_kinase_cat_dom,pfam_Prot_kinase_dom,pfam_Immunoglobulin,superfamily_Kinase-like_dom,smart_Ser/Thr_dual-sp_kinase_dom,smart_Tyr_kinase_cat_dom,pfscan_Prot_kinase_dom,pfscan_Ig-like_dom"	0	"no_errors"	"FLT3"	"HGNC"	"ENSG00000122025"
13	28592642	28592642	"C"	"T"	"SNP"	1	"DOID:9119"	"AML"	"23261068,23783394,23321257,22368270,23714533,22504185,15256420,11290608,22504184,23430109,22368270,20733134,16857985"	"MyCancerGenome"			"http://www.mycancergenome.org/content/disease/acute-myeloid-leukemia/flt3/279"	"missense mutation"	"gain-of-function"	"activation"	"resistance"	"quizartinib"	"preclinical"	"emerging"	22504184	"resistance"	"ponatinib"	"preclinical"	"emerging"	23430109	"resistance"	"sorafenib"	"case report"	"emerging"	22368270	"response"	"midostaurin"	"case report"	"emerging"	20733134	"response"	"lestaurtinib"	"case report"	"emerging"	16857985											"FLT3"	"ENST00000380982"	"human"	"ensembl"	"74_37"	-1	"known"	"missense"	"c.2503"	"p.D835N"	1	"pfam_Ser-Thr/Tyr_kinase_cat_dom,pfam_Prot_kinase_dom,superfamily_Kinase-like_dom,smart_Ser/Thr_dual-sp_kinase_dom,smart_Tyr_kinase_cat_dom,pfscan_Prot_kinase_dom"	"pfam_Ser-Thr/Tyr_kinase_cat_dom,pfam_Prot_kinase_dom,pfam_Immunoglobulin,superfamily_Kinase-like_dom,smart_Ser/Thr_dual-sp_kinase_dom,smart_Tyr_kinase_cat_dom,pfscan_Prot_kinase_dom,pfscan_Ig-like_dom"	0	"no_errors"	"FLT3"	"HGNC"	"ENSG00000122025"
15	90631837	90631837	"C"	"G"	"SNP"	1	"DOID:9119"	"AML"	"22160010,22898539,22417203,24606448"	"MyCancerGenome"			"http://www.mycancergenome.org/content/disease/acute-myeloid-leukemia/idh2/272"																																							"IDH2"	"ENST00000330062"	"human"	"ensembl"	"74_37"	-1	"known"	"missense"	"c.516"	"p.R172S"	0.97	"pfam_IsoPropMal-DH-like_dom,pirsf_Isocitrate_DH_NADP,tigrfam_Isocitrate_DH_NADP"	"pfam_IsoPropMal-DH-like_dom,pirsf_Isocitrate_DH_NADP,tigrfam_Isocitrate_DH_NADP"	0	"no_errors"	"IDH2"	"HGNC"	"ENSG00000182054"
15	90631838	90631838	"C"	"A"	"SNP"	1	"DOID:9119"	"AML"	"22160010,22898539,22417203"	"MyCancerGenome"			"http://www.mycancergenome.org/content/disease/acute-myeloid-leukemia/idh2/271"																																							"IDH2"	"ENST00000330062"	"human"	"ensembl"	"74_37"	-1	"known"	"missense"	"c.515"	"p.R172M"	1	"pfam_IsoPropMal-DH-like_dom,pirsf_Isocitrate_DH_NADP,tigrfam_Isocitrate_DH_NADP"	"pfam_IsoPropMal-DH-like_dom,pirsf_Isocitrate_DH_NADP,tigrfam_Isocitrate_DH_NADP"	0	"no_errors"	"IDH2"	"HGNC"	"ENSG00000182054"
15	90631838	90631838	"C"	"T"	"SNP"	1	"DOID:9119"	"AML"	"22160010,22417203,24606448,23949315,22397365,20946881"	"MyCancerGenome"	"TimLey"		"http://www.mycancergenome.org/content/disease/acute-myeloid-leukemia/idh2/270"	"missense mutation"	"switch-of-function"	"activation"	"response"	"IDH inhibitor"	"early trials"	"emerging"	"AACR 2014; abstr CT103"																															"IDH2"	"ENST00000330062"	"human"	"ensembl"	"74_37"	-1	"known"	"missense"	"c.515"	"p.R172K"	1	"pfam_IsoPropMal-DH-like_dom,pirsf_Isocitrate_DH_NADP,tigrfam_Isocitrate_DH_NADP"	"pfam_IsoPropMal-DH-like_dom,pirsf_Isocitrate_DH_NADP,tigrfam_Isocitrate_DH_NADP"	0	"no_errors"	"IDH2"	"HGNC"	"ENSG00000182054"
15	90631934	90631934	"C"	"A"	"SNP"	1	"DOID:9119"	"AML"	"22160010,22417203"	"MyCancerGenome"			"http://www.mycancergenome.org/content/disease/acute-myeloid-leukemia/idh2/268"																																							"IDH2"	"ENST00000330062"	"human"	"ensembl"	"74_37"	-1	"known"	"missense"	"c.419"	"p.R140L"	1	"pfam_IsoPropMal-DH-like_dom,pirsf_Isocitrate_DH_NADP,tigrfam_Isocitrate_DH_NADP"	"pfam_IsoPropMal-DH-like_dom,pirsf_Isocitrate_DH_NADP,tigrfam_Isocitrate_DH_NADP"	0	"no_errors"	"IDH2"	"HGNC"	"ENSG00000182054"
15	90631934	90631934	"C"	"T"	"SNP"	1	"DOID:9119"	"AML"	"22160010,24606448,23949315,23815907,22397365,20946881"	"MyCancerGenome"	"TimLey"		"http://www.mycancergenome.org/content/disease/acute-myeloid-leukemia/idh2/266"	"missense mutation"	"switch-of-function"	"activation"	"response"	"IDH inhibitor"	"early trials"	"emerging"	"AACR 2014; abstr CT103"																															"IDH2"	"ENST00000330062"	"human"	"ensembl"	"74_37"	-1	"known"	"missense"	"c.419"	"p.R140Q"	1	"pfam_IsoPropMal-DH-like_dom,pirsf_Isocitrate_DH_NADP,tigrfam_Isocitrate_DH_NADP"	"pfam_IsoPropMal-DH-like_dom,pirsf_Isocitrate_DH_NADP,tigrfam_Isocitrate_DH_NADP"	0	"no_errors"	"IDH2"	"HGNC"	"ENSG00000182054"
15	90631935	90631935	"G"	"A"	"SNP"	1	"DOID:9119"	"AML"	"22160010,22898539,22417203"	"MyCancerGenome"			"http://www.mycancergenome.org/content/disease/acute-myeloid-leukemia/idh2/267"																																							"IDH2"	"ENST00000330062"	"human"	"ensembl"	"74_37"	-1	"known"	"missense"	"c.418"	"p.R140W"	1	"pfam_IsoPropMal-DH-like_dom,pirsf_Isocitrate_DH_NADP,tigrfam_Isocitrate_DH_NADP"	"pfam_IsoPropMal-DH-like_dom,pirsf_Isocitrate_DH_NADP,tigrfam_Isocitrate_DH_NADP"	0	"no_errors"	"IDH2"	"HGNC"	"ENSG00000182054"
17	7577120	7577120	"C"	"T"	"SNP"	1	"DOID:9119"	"AML"	"24641375,24487413,24381225"		"TimLey"																																									"TP53"	"ENST00000269305"	"human"	"ensembl"	"74_37"	-1	"known"	"missense"	"c.818"	"p.R273H"	0.864	"pfam_p53_DNA-bd,superfamily_p53-like_TF_DNA-bd,prints_p53_tumour_suppressor"	"pfam_p53_DNA-bd,pfam_p53_tetrameristn,pfam_p53_transactivation_domain,superfamily_p53-like_TF_DNA-bd,superfamily_p53_tetrameristn,prints_p53_tumour_suppressor"	0	"no_errors"	"TP53"	"HGNC"	"ENSG00000141510"
17	7577121	7577121	"G"	"A"	"SNP"	1	"DOID:9119"	"AML"	"24641375,24487413,24381225"		"TimLey"																																									"TP53"	"ENST00000269305"	"human"	"ensembl"	"74_37"	-1	"known"	"missense"	"c.817"	"p.R273C"	0.83	"pfam_p53_DNA-bd,superfamily_p53-like_TF_DNA-bd,prints_p53_tumour_suppressor"	"pfam_p53_DNA-bd,pfam_p53_tetrameristn,pfam_p53_transactivation_domain,superfamily_p53-like_TF_DNA-bd,superfamily_p53_tetrameristn,prints_p53_tumour_suppressor"	0	"no_errors"	"TP53"	"HGNC"	"ENSG00000141510"
17	7577535	7577535	"C"	"G"	"SNP"	1	"DOID:9119"	"AML"	"24641375,24487413,24381225"		"TimLey"																																									"TP53"	"ENST00000269305"	"human"	"ensembl"	"74_37"	-1	"known"	"missense"	"c.746"	"p.R249T"	1	"pfam_p53_DNA-bd,superfamily_p53-like_TF_DNA-bd,prints_p53_tumour_suppressor"	"pfam_p53_DNA-bd,pfam_p53_tetrameristn,pfam_p53_transactivation_domain,superfamily_p53-like_TF_DNA-bd,superfamily_p53_tetrameristn,prints_p53_tumour_suppressor"	0	"no_errors"	"TP53"	"HGNC"	"ENSG00000141510"
17	7577536	7577536	"T"	"A"	"SNP"	1	"DOID:9119"	"AML"	"24641375,24487413,24381225"		"TimLey"																																									"TP53"	"ENST00000269305"	"human"	"ensembl"	"74_37"	-1	"known"	"missense"	"c.745"	"p.R249W"	0.998	"pfam_p53_DNA-bd,superfamily_p53-like_TF_DNA-bd,prints_p53_tumour_suppressor"	"pfam_p53_DNA-bd,pfam_p53_tetrameristn,pfam_p53_transactivation_domain,superfamily_p53-like_TF_DNA-bd,superfamily_p53_tetrameristn,prints_p53_tumour_suppressor"	0	"no_errors"	"TP53"	"HGNC"	"ENSG00000141510"
17	7577538	7577538	"C"	"T"	"SNP"	1	"DOID:9119"	"AML"	"24641375,24487413,24381225"		"TimLey"																																									"TP53"	"ENST00000269305"	"human"	"ensembl"	"74_37"	-1	"known"	"missense"	"c.743"	"p.R248Q"	1	"pfam_p53_DNA-bd,superfamily_p53-like_TF_DNA-bd,prints_p53_tumour_suppressor"	"pfam_p53_DNA-bd,pfam_p53_tetrameristn,pfam_p53_transactivation_domain,superfamily_p53-like_TF_DNA-bd,superfamily_p53_tetrameristn,prints_p53_tumour_suppressor"	0	"no_errors"	"TP53"	"HGNC"	"ENSG00000141510"
17	7578190	7578190	"T"	"C"	"SNP"	1	"DOID:9119"	"AML"	"24641375,24487413,24381225"		"TimLey"																																									"TP53"	"ENST00000269305"	"human"	"ensembl"	"74_37"	-1	"known"	"missense"	"c.659"	"p.Y220C"	0.998	"pfam_p53_DNA-bd,superfamily_p53-like_TF_DNA-bd,prints_p53_tumour_suppressor"	"pfam_p53_DNA-bd,pfam_p53_tetrameristn,pfam_p53_transactivation_domain,superfamily_p53-like_TF_DNA-bd,superfamily_p53_tetrameristn,prints_p53_tumour_suppressor"	0	"no_errors"	"TP53"	"HGNC"	"ENSG00000141510"
17	7578412	7578412	"A"	"C"	"SNP"	1	"DOID:9119"	"AML"	"24641375,24487413,24381225"		"TimLey"																																									"TP53"	"ENST00000269305"	"human"	"ensembl"	"74_37"	-1	"known"	"missense"	"c.518"	"p.V173G"	0.995	"pfam_p53_DNA-bd,superfamily_p53-like_TF_DNA-bd,prints_p53_tumour_suppressor"	"pfam_p53_DNA-bd,pfam_p53_tetrameristn,pfam_p53_transactivation_domain,superfamily_p53-like_TF_DNA-bd,superfamily_p53_tetrameristn,prints_p53_tumour_suppressor"	0	"no_errors"	"TP53"	"HGNC"	"ENSG00000141510"
17	7578412	7578412	"A"	"G"	"SNP"	1	"DOID:9119"	"AML"	"24641375,24487413,24381225"		"TimLey"																																									"TP53"	"ENST00000269305"	"human"	"ensembl"	"74_37"	-1	"known"	"missense"	"c.518"	"p.V173A"	0.995	"pfam_p53_DNA-bd,superfamily_p53-like_TF_DNA-bd,prints_p53_tumour_suppressor"	"pfam_p53_DNA-bd,pfam_p53_tetrameristn,pfam_p53_transactivation_domain,superfamily_p53-like_TF_DNA-bd,superfamily_p53_tetrameristn,prints_p53_tumour_suppressor"	0	"no_errors"	"TP53"	"HGNC"	"ENSG00000141510"
2	198266832	198266832	"T"	"A"	"SNP"	1	"DOID:9119"	"AML"	23395771																																											"SF3B1"	"ENST00000335508"	"human"	"ensembl"	"74_37"	-1	"known"	"missense"	"c.2100"	"p.K700N"	1	"superfamily_ARM-type_fold"	"pfam_SF3b_su1,superfamily_ARM-type_fold"	0	"no_errors"	"SF3B1"	"HGNC"	"ENSG00000115524"
2	198266832	198266832	"T"	"G"	"SNP"	1	"DOID:9119"	"AML"	23395771																																											"SF3B1"	"ENST00000335508"	"human"	"ensembl"	"74_37"	-1	"known"	"missense"	"c.2100"	"p.K700N"	1	"superfamily_ARM-type_fold"	"pfam_SF3b_su1,superfamily_ARM-type_fold"	0	"no_errors"	"SF3B1"	"HGNC"	"ENSG00000115524"
2	198266833	198266833	"T"	"A"	"SNP"	1	"DOID:9119"	"AML"	23395771																																											"SF3B1"	"ENST00000335508"	"human"	"ensembl"	"74_37"	-1	"known"	"missense"	"c.2099"	"p.K700I"	1	"superfamily_ARM-type_fold"	"pfam_SF3b_su1,superfamily_ARM-type_fold"	0	"no_errors"	"SF3B1"	"HGNC"	"ENSG00000115524"
2	198266833	198266833	"T"	"C"	"SNP"	1	"DOID:9119"	"AML"	23395771																																											"SF3B1"	"ENST00000335508"	"human"	"ensembl"	"74_37"	-1	"known"	"missense"	"c.2099"	"p.K700R"	1	"superfamily_ARM-type_fold"	"pfam_SF3b_su1,superfamily_ARM-type_fold"	0	"no_errors"	"SF3B1"	"HGNC"	"ENSG00000115524"
2	198266833	198266833	"T"	"G"	"SNP"	1	"DOID:9119"	"AML"	23395771																																											"SF3B1"	"ENST00000335508"	"human"	"ensembl"	"74_37"	-1	"known"	"missense"	"c.2099"	"p.K700T"	1	"superfamily_ARM-type_fold"	"pfam_SF3b_su1,superfamily_ARM-type_fold"	0	"no_errors"	"SF3B1"	"HGNC"	"ENSG00000115524"
2	198266834	198266834	"T"	"A"	"SNP"	1	"DOID:9119"	"AML"	23395771																																											"SF3B1"	"ENST00000335508"	"human"	"ensembl"	"74_37"	-1	"known"	"nonsense"	"c.2098"	"p.K700*"	1	"superfamily_ARM-type_fold"	"pfam_SF3b_su1,superfamily_ARM-type_fold"	0	"no_errors"	"SF3B1"	"HGNC"	"ENSG00000115524"
2	198266834	198266834	"T"	"C"	"SNP"	1	"DOID:9119"	"AML"	23395771		"TimLey"																																									"SF3B1"	"ENST00000335508"	"human"	"ensembl"	"74_37"	-1	"known"	"missense"	"c.2098"	"p.K700E"	1	"superfamily_ARM-type_fold"	"pfam_SF3b_su1,superfamily_ARM-type_fold"	0	"no_errors"	"SF3B1"	"HGNC"	"ENSG00000115524"
2	198266834	198266834	"T"	"G"	"SNP"	1	"DOID:9119"	"AML"	23395771																																											"SF3B1"	"ENST00000335508"	"human"	"ensembl"	"74_37"	-1	"known"	"missense"	"c.2098"	"p.K700Q"	1	"superfamily_ARM-type_fold"	"pfam_SF3b_su1,superfamily_ARM-type_fold"	0	"no_errors"	"SF3B1"	"HGNC"	"ENSG00000115524"
2	198267359	198267359	"C"	"A"	"SNP"	1	"DOID:9119"	"AML"	23395771		"TimLey"																																									"SF3B1"	"ENST00000335508"	"human"	"ensembl"	"74_37"	-1	"known"	"missense"	"c.1998"	"p.K666N"	1	"superfamily_ARM-type_fold"	"pfam_SF3b_su1,superfamily_ARM-type_fold"	0	"no_errors"	"SF3B1"	"HGNC"	"ENSG00000115524"
2	198267359	198267359	"C"	"G"	"SNP"	1	"DOID:9119"	"AML"	23395771		"TimLey"																																									"SF3B1"	"ENST00000335508"	"human"	"ensembl"	"74_37"	-1	"known"	"missense"	"c.1998"	"p.K666N"	1	"superfamily_ARM-type_fold"	"pfam_SF3b_su1,superfamily_ARM-type_fold"	0	"no_errors"	"SF3B1"	"HGNC"	"ENSG00000115524"
2	198267360	198267360	"T"	"C"	"SNP"	1	"DOID:9119"	"AML"	23634996		"TimLey"																																									"SF3B1"	"ENST00000335508"	"human"	"ensembl"	"74_37"	-1	"known"	"missense"	"c.1997"	"p.K666R"	1	"superfamily_ARM-type_fold"	"pfam_SF3b_su1,superfamily_ARM-type_fold"	0	"no_errors"	"SF3B1"	"HGNC"	"ENSG00000115524"
2	198267360	198267360	"T"	"G"	"SNP"	1	"DOID:9119"	"AML"	23634996		"TimLey"																																									"SF3B1"	"ENST00000335508"	"human"	"ensembl"	"74_37"	-1	"known"	"missense"	"c.1997"	"p.K666T"	1	"superfamily_ARM-type_fold"	"pfam_SF3b_su1,superfamily_ARM-type_fold"	0	"no_errors"	"SF3B1"	"HGNC"	"ENSG00000115524"
2	198267361	198267361	"T"	"C"	"SNP"	1	"DOID:9119"	"AML"	23634996		"TimLey"																																									"SF3B1"	"ENST00000335508"	"human"	"ensembl"	"74_37"	-1	"known"	"missense"	"c.1996"	"p.K666E"	1	"superfamily_ARM-type_fold"	"pfam_SF3b_su1,superfamily_ARM-type_fold"	0	"no_errors"	"SF3B1"	"HGNC"	"ENSG00000115524"
2	209113112	209113112	"C"	"A"	"SNP"	1	"DOID:9119"	"AML"	"22160010,22898539,22417203,22397365"	"MyCancerGenome"			"http://www.mycancergenome.org/content/disease/acute-myeloid-leukemia/idh1/264"																																							"IDH1"	"ENST00000345146"	"human"	"ensembl"	"74_37"	-1	"known"	"missense"	"c.395"	"p.R132L"	1	"pfam_IsoPropMal-DH-like_dom,pirsf_Isocitrate_DH_NADP,tigrfam_Isocitrate_DH_NADP"	"pfam_IsoPropMal-DH-like_dom,pirsf_Isocitrate_DH_NADP,tigrfam_Isocitrate_DH_NADP"	0	"no_errors"	"IDH1"	"HGNC"	"ENSG00000138413"
2	209113112	209113112	"C"	"G"	"SNP"	1	"DOID:9119"	"AML"	"22160010,22898539,22417203"	"MyCancerGenome"			"http://www.mycancergenome.org/content/disease/acute-myeloid-leukemia/idh1/265"																																							"IDH1"	"ENST00000345146"	"human"	"ensembl"	"74_37"	-1	"known"	"missense"	"c.395"	"p.R132P"	1	"pfam_IsoPropMal-DH-like_dom,pirsf_Isocitrate_DH_NADP,tigrfam_Isocitrate_DH_NADP"	"pfam_IsoPropMal-DH-like_dom,pirsf_Isocitrate_DH_NADP,tigrfam_Isocitrate_DH_NADP"	0	"no_errors"	"IDH1"	"HGNC"	"ENSG00000138413"
2	209113112	209113112	"C"	"T"	"SNP"	1	"DOID:9119"	"AML"	"19657110,22160010,22898539,22417203,24606448,22397365"	"MyCancerGenome"	"TimLey"		"http://www.mycancergenome.org/content/disease/acute-myeloid-leukemia/idh1/263"																																							"IDH1"	"ENST00000345146"	"human"	"ensembl"	"74_37"	-1	"known"	"missense"	"c.395"	"p.R132H"	1	"pfam_IsoPropMal-DH-like_dom,pirsf_Isocitrate_DH_NADP,tigrfam_Isocitrate_DH_NADP"	"pfam_IsoPropMal-DH-like_dom,pirsf_Isocitrate_DH_NADP,tigrfam_Isocitrate_DH_NADP"	0	"no_errors"	"IDH1"	"HGNC"	"ENSG00000138413"
2	209113113	209113113	"G"	"A"	"SNP"	1	"DOID:9119"	"AML"	"19657110,22160010,22898539,22417203,22397365,20946881"	"MyCancerGenome"	"TimLey"		"http://www.mycancergenome.org/content/disease/acute-myeloid-leukemia/idh1/260"																																							"IDH1"	"ENST00000345146"	"human"	"ensembl"	"74_37"	-1	"known"	"missense"	"c.394"	"p.R132C"	1	"pfam_IsoPropMal-DH-like_dom,pirsf_Isocitrate_DH_NADP,tigrfam_Isocitrate_DH_NADP"	"pfam_IsoPropMal-DH-like_dom,pirsf_Isocitrate_DH_NADP,tigrfam_Isocitrate_DH_NADP"	0	"no_errors"	"IDH1"	"HGNC"	"ENSG00000138413"
2	209113113	209113113	"G"	"C"	"SNP"	1	"DOID:9119"	"AML"	"22160010,22898539,22417203,22397365,20946881"	"MyCancerGenome"			"http://www.mycancergenome.org/content/disease/acute-myeloid-leukemia/idh1/261"																																							"IDH1"	"ENST00000345146"	"human"	"ensembl"	"74_37"	-1	"known"	"missense"	"c.394"	"p.R132G"	1	"pfam_IsoPropMal-DH-like_dom,pirsf_Isocitrate_DH_NADP,tigrfam_Isocitrate_DH_NADP"	"pfam_IsoPropMal-DH-like_dom,pirsf_Isocitrate_DH_NADP,tigrfam_Isocitrate_DH_NADP"	0	"no_errors"	"IDH1"	"HGNC"	"ENSG00000138413"
2	209113113	209113113	"G"	"T"	"SNP"	1	"DOID:9119"	"AML"	"19657110,22160010,22898539,22417203"	"MyCancerGenome"	"TimLey"		"http://www.mycancergenome.org/content/disease/acute-myeloid-leukemia/idh1/262"																																							"IDH1"	"ENST00000345146"	"human"	"ensembl"	"74_37"	-1	"known"	"missense"	"c.394"	"p.R132S"	1	"pfam_IsoPropMal-DH-like_dom,pirsf_Isocitrate_DH_NADP,tigrfam_Isocitrate_DH_NADP"	"pfam_IsoPropMal-DH-like_dom,pirsf_Isocitrate_DH_NADP,tigrfam_Isocitrate_DH_NADP"	0	"no_errors"	"IDH1"	"HGNC"	"ENSG00000138413"
2	25457242	25457242	"C"	"A"	"SNP"	1	"DOID:9119"	"AML"	"22160010,22898540"	"MyCancerGenome"			"http://www.mycancergenome.org/content/disease/acute-myeloid-leukemia/dnmt3a/296"																																							"DNMT3A"	"ENST00000264709"	"human"	"ensembl"	"74_37"	-1	"known"	"missense"	"c.2645"	"p.R882L"	1	"NULL"	"pfam_PWWP_dom,pfam_C5_MeTfrase,superfamily_Znf_FYVE_PHD,smart_PWWP_dom,pfscan_PWWP_dom"	0	"no_errors"	"DNMT3A"	"HGNC"	"ENSG00000119772"
2	25457242	25457242	"C"	"G"	"SNP"	1	"DOID:9119"	"AML"	"21067377,22160010,22898541"	"MyCancerGenome"			"http://www.mycancergenome.org/content/disease/acute-myeloid-leukemia/dnmt3a/294"																																							"DNMT3A"	"ENST00000264709"	"human"	"ensembl"	"74_37"	-1	"known"	"missense"	"c.2645"	"p.R882P"	1	"NULL"	"pfam_PWWP_dom,pfam_C5_MeTfrase,superfamily_Znf_FYVE_PHD,smart_PWWP_dom,pfscan_PWWP_dom"	0	"no_errors"	"DNMT3A"	"HGNC"	"ENSG00000119772"
2	25457242	25457242	"C"	"T"	"SNP"	1	"DOID:9119"	"AML"	"21067377,22160010,22898539,24656771,24606448,22744846,21518476"	"MyCancerGenome"	"TimLey"		"http://www.mycancergenome.org/content/disease/acute-myeloid-leukemia/dnmt3a/293"																																							"DNMT3A"	"ENST00000264709"	"human"	"ensembl"	"74_37"	-1	"known"	"missense"	"c.2645"	"p.R882H"	1	"NULL"	"pfam_PWWP_dom,pfam_C5_MeTfrase,superfamily_Znf_FYVE_PHD,smart_PWWP_dom,pfscan_PWWP_dom"	0	"no_errors"	"DNMT3A"	"HGNC"	"ENSG00000119772"
2	25457243	25457243	"G"	"A"	"SNP"	1	"DOID:9119"	"AML"	"21067377,22160010,22898539,24606448,22744846,21518476"	"MyCancerGenome"	"TimLey"		"http://www.mycancergenome.org/content/disease/acute-myeloid-leukemia/dnmt3a/291"																																							"DNMT3A"	"ENST00000264709"	"human"	"ensembl"	"74_37"	-1	"known"	"missense"	"c.2644"	"p.R882C"	1	"NULL"	"pfam_PWWP_dom,pfam_C5_MeTfrase,superfamily_Znf_FYVE_PHD,smart_PWWP_dom,pfscan_PWWP_dom"	0	"no_errors"	"DNMT3A"	"HGNC"	"ENSG00000119772"
2	25457243	25457243	"G"	"C"	"SNP"	1	"DOID:9119"	"AML"	"22160010,22898539"	"MyCancerGenome"			"http://www.mycancergenome.org/content/disease/acute-myeloid-leukemia/dnmt3a/295"																																							"DNMT3A"	"ENST00000264709"	"human"	"ensembl"	"74_37"	-1	"known"	"missense"	"c.2644"	"p.R882G"	1	"NULL"	"pfam_PWWP_dom,pfam_C5_MeTfrase,superfamily_Znf_FYVE_PHD,smart_PWWP_dom,pfscan_PWWP_dom"	0	"no_errors"	"DNMT3A"	"HGNC"	"ENSG00000119772"
2	25457243	25457243	"G"	"T"	"SNP"	1	"DOID:9119"	"AML"	"21067377,22160010,22898540,22744846 ,21518476"	"MyCancerGenome"	"TimLey"		"http://www.mycancergenome.org/content/disease/acute-myeloid-leukemia/dnmt3a/292"																																							"DNMT3A"	"ENST00000264709"	"human"	"ensembl"	"74_37"	-1	"known"	"missense"	"c.2644"	"p.R882S"	1	"NULL"	"pfam_PWWP_dom,pfam_C5_MeTfrase,superfamily_Znf_FYVE_PHD,smart_PWWP_dom,pfscan_PWWP_dom"	0	"no_errors"	"DNMT3A"	"HGNC"	"ENSG00000119772"
21	36231783	36231783	"G"	"A"	"SNP"	1	"DOID:9119"	"AML"	10508512		"TimLey"																																									"RUNX1"	"ENST00000300305"	"human"	"ensembl"	"74_37"	-1	"known"	"nonsense"	"c.601"	"p.R201*"	1	"pfam_Runt_dom,superfamily_p53-like_TF_DNA-bd,pirsf_TF_Runt-rel_RUNX,pfscan_Runt_dom,prints_AML1_Runt"	"pfam_Runt_dom,pfam_RunxI_C_dom,superfamily_p53-like_TF_DNA-bd,pirsf_TF_Runt-rel_RUNX,pfscan_Runt_dom,prints_AML1_Runt"	0	"no_errors"	"RUNX1"	"HGNC"	"ENSG00000159216"
21	36252876	36252876	"C"	"A"	"SNP"	1	"DOID:9119"	"AML"	"24659740,24616160,24374719"		"TimLey"																																									"RUNX1"	"ENST00000300305"	"human"	"ensembl"	"74_37"	-1	"known"	"missense"	"c.486"	"p.R162S"	1	"pfam_Runt_dom,superfamily_p53-like_TF_DNA-bd,pirsf_TF_Runt-rel_RUNX,pfscan_Runt_dom,prints_AML1_Runt"	"pfam_Runt_dom,pfam_RunxI_C_dom,superfamily_p53-like_TF_DNA-bd,pirsf_TF_Runt-rel_RUNX,pfscan_Runt_dom,prints_AML1_Runt"	0	"no_errors"	"RUNX1"	"HGNC"	"ENSG00000159216"
21	36252876	36252876	"C"	"G"	"SNP"	1	"DOID:9119"	"AML"	"24659740,24616160,24374719"		"TimLey"																																									"RUNX1"	"ENST00000300305"	"human"	"ensembl"	"74_37"	-1	"known"	"missense"	"c.486"	"p.R162S"	1	"pfam_Runt_dom,superfamily_p53-like_TF_DNA-bd,pirsf_TF_Runt-rel_RUNX,pfscan_Runt_dom,prints_AML1_Runt"	"pfam_Runt_dom,pfam_RunxI_C_dom,superfamily_p53-like_TF_DNA-bd,pirsf_TF_Runt-rel_RUNX,pfscan_Runt_dom,prints_AML1_Runt"	0	"no_errors"	"RUNX1"	"HGNC"	"ENSG00000159216"
21	36252877	36252877	"C"	"T"	"SNP"	1	"DOID:9119"	"AML"	"24659740,19357396"		"TimLey"																																									"RUNX1"	"ENST00000300305"	"human"	"ensembl"	"74_37"	-1	"known"	"missense"	"c.485"	"p.R162K"	1	"pfam_Runt_dom,superfamily_p53-like_TF_DNA-bd,pirsf_TF_Runt-rel_RUNX,pfscan_Runt_dom,prints_AML1_Runt"	"pfam_Runt_dom,pfam_RunxI_C_dom,superfamily_p53-like_TF_DNA-bd,pirsf_TF_Runt-rel_RUNX,pfscan_Runt_dom,prints_AML1_Runt"	0	"no_errors"	"RUNX1"	"HGNC"	"ENSG00000159216"
21	36252878	36252878	"T"	"C"	"SNP"	1	"DOID:9119"	"AML"	"24659740,19357396"		"TimLey"																																									"RUNX1"	"ENST00000300305"	"human"	"ensembl"	"74_37"	-1	"known"	"missense"	"c.484"	"p.R162G"	1	"pfam_Runt_dom,superfamily_p53-like_TF_DNA-bd,pirsf_TF_Runt-rel_RUNX,pfscan_Runt_dom,prints_AML1_Runt"	"pfam_Runt_dom,pfam_RunxI_C_dom,superfamily_p53-like_TF_DNA-bd,pirsf_TF_Runt-rel_RUNX,pfscan_Runt_dom,prints_AML1_Runt"	0	"no_errors"	"RUNX1"	"HGNC"	"ENSG00000159216"
21	44514777	44514777	"T"	"C"	"SNP"	1	"DOID:9119"	"AML"	22158538		"TimLey"																																									"U2AF1"	"ENST00000291552"	"human"	"ensembl"	"74_37"	-1	"known"	"missense"	"c.470"	"p.Q157R"	1	"pfam_Znf_CCCH,smart_Znf_CCCH"	"pfam_Znf_CCCH,pfam_RRM_dom,smart_Znf_CCCH,smart_RRM_dom_euk,smart_RRM_dom,pfscan_RRM_dom,prints_U2_small"	0	"no_errors"	"U2AF1"	"HGNC"	"ENSG00000160201"
21	44514777	44514777	"T"	"G"	"SNP"	1	"DOID:9119"	"AML"	22158538		"TimLey"																																									"U2AF1"	"ENST00000291552"	"human"	"ensembl"	"74_37"	-1	"known"	"missense"	"c.470"	"p.Q157P"	1	"pfam_Znf_CCCH,smart_Znf_CCCH"	"pfam_Znf_CCCH,pfam_RRM_dom,smart_Znf_CCCH,smart_RRM_dom_euk,smart_RRM_dom,pfscan_RRM_dom,prints_U2_small"	0	"no_errors"	"U2AF1"	"HGNC"	"ENSG00000160201"
21	44524456	44524456	"G"	"A"	"SNP"	1	"DOID:9119"	"AML"	"22158538,24498085"		"TimLey"																																									"U2AF1"	"ENST00000291552"	"human"	"ensembl"	"74_37"	-1	"known"	"missense"	"c.101"	"p.S34F"	1	"pfam_Znf_CCCH,smart_Znf_CCCH,prints_U2_small"	"pfam_Znf_CCCH,pfam_RRM_dom,smart_Znf_CCCH,smart_RRM_dom_euk,smart_RRM_dom,pfscan_RRM_dom,prints_U2_small"	0	"no_errors"	"U2AF1"	"HGNC"	"ENSG00000160201"
21	44524456	44524456	"G"	"T"	"SNP"	1	"DOID:9119"	"AML"	"22158538,24498085"		"TimLey"																																									"U2AF1"	"ENST00000291552"	"human"	"ensembl"	"74_37"	-1	"known"	"missense"	"c.101"	"p.S34Y"	1	"pfam_Znf_CCCH,smart_Znf_CCCH,prints_U2_small"	"pfam_Znf_CCCH,pfam_RRM_dom,smart_Znf_CCCH,smart_RRM_dom_euk,smart_RRM_dom,pfscan_RRM_dom,prints_U2_small"	0	"no_errors"	"U2AF1"	"HGNC"	"ENSG00000160201"
4	55599320	55599320	"G"	"T"	"SNP"	1	"DOID:9119"	"AML"	"19164557,23714533"	"MyCancerGenome"			"http://www.mycancergenome.org/content/disease/acute-myeloid-leukemia/kit/274"																																							"KIT"	"ENST00000288135"	"human"	"ensembl"	"74_37"	1	"known"	"missense"	"c.2446"	"p.D816Y"	1	"pirsf_Tyr_kinase_CSF1/PDGF_rcpt,pfam_Ser-Thr/Tyr_kinase_cat_dom,pfam_Prot_kinase_dom,superfamily_Kinase-like_dom,smart_Ser/Thr_dual-sp_kinase_dom,smart_Tyr_kinase_cat_dom,pfscan_Prot_kinase_dom"	"pirsf_Tyr_kinase_CSF1/PDGF_rcpt,pfam_Ser-Thr/Tyr_kinase_cat_dom,pfam_Prot_kinase_dom,pfam_Ig_I-set,pfam_Immunoglobulin,superfamily_Kinase-like_dom,smart_Ig_sub,smart_Ig_sub2,smart_Ser/Thr_dual-sp_kinase_dom,smart_Tyr_kinase_cat_dom,pfscan_Prot_kinase_dom,pfscan_Ig-like_dom"	0	"no_errors"	"KIT"	"HGNC"	"ENSG00000157404"
4	55599320	55599321	"GA"	"AT"	"DNP"	1	"DOID:9119"	"AML"	"23714533,19164557"	"MyCancerGenome"			"http://www.mycancergenome.org/content/disease/acute-myeloid-leukemia/kit/276"																																							"KIT"	"ENST00000288135"	"human"	"ensembl"	"74_37"	1	"known"	"missense"	"c.2446_2447"	"p.D816I"	"1.000:1.000"	"pirsf_Tyr_kinase_CSF1/PDGF_rcpt,pfam_Ser-Thr/Tyr_kinase_cat_dom,pfam_Prot_kinase_dom,superfamily_Kinase-like_dom,smart_Ser/Thr_dual-sp_kinase_dom,smart_Tyr_kinase_cat_dom,pfscan_Prot_kinase_dom"	"pirsf_Tyr_kinase_CSF1/PDGF_rcpt,pfam_Ser-Thr/Tyr_kinase_cat_dom,pfam_Prot_kinase_dom,pfam_Ig_I-set,pfam_Immunoglobulin,superfamily_Kinase-like_dom,smart_Ig_sub,smart_Ig_sub2,smart_Ser/Thr_dual-sp_kinase_dom,smart_Tyr_kinase_cat_dom,pfscan_Prot_kinase_dom,pfscan_Ig-like_dom"	0	"no_errors"	"KIT"	"HGNC"	"ENSG00000157404"
4	55599321	55599321	"A"	"T"	"SNP"	1	"DOID:9119"	"AML"	"19164557,23714533,24045550,18986703"	"MyCancerGenome"	"TimLey"		"http://www.mycancergenome.org/content/disease/acute-myeloid-leukemia/kit/275"	"missense mutation"	"gain-of-function"	"activation"	"response"	"dasatinib"	"case report"	"emerging"	18986703																															"KIT"	"ENST00000288135"	"human"	"ensembl"	"74_37"	1	"known"	"missense"	"c.2447"	"p.D816V"	1	"pirsf_Tyr_kinase_CSF1/PDGF_rcpt,pfam_Ser-Thr/Tyr_kinase_cat_dom,pfam_Prot_kinase_dom,superfamily_Kinase-like_dom,smart_Ser/Thr_dual-sp_kinase_dom,smart_Tyr_kinase_cat_dom,pfscan_Prot_kinase_dom"	"pirsf_Tyr_kinase_CSF1/PDGF_rcpt,pfam_Ser-Thr/Tyr_kinase_cat_dom,pfam_Prot_kinase_dom,pfam_Ig_I-set,pfam_Immunoglobulin,superfamily_Kinase-like_dom,smart_Ig_sub,smart_Ig_sub2,smart_Ser/Thr_dual-sp_kinase_dom,smart_Tyr_kinase_cat_dom,pfscan_Prot_kinase_dom,pfscan_Ig-like_dom"	0	"no_errors"	"KIT"	"HGNC"	"ENSG00000157404"
4	55599321	55599321	"A"	"T"	"SNP"	1	"DOID:9119"	"AML"	22504184					"missense mutation"	"gain-of-function"	"activation"	"resistance"	"quizartinib"	"preclinical"	"emerging"	22504184																										"Jason Kunisaki"	"Reason: ""confers high degree of resistance to imatinib and other KIT inhibitors"			"KIT"	"KIT"	"ENST00000288135"	"human"	"ensembl"	"74_37"	1	"known"	"missense"	"c.2447"	"p.D816V"	1	"pirsf_Tyr_kinase_CSF1/PDGF_rcpt,pfam_Ser-Thr/Tyr_kinase_cat_dom,pfam_Prot_kinase_dom,superfamily_Kinase-like_dom,smart_Ser/Thr_dual-sp_kinase_dom,smart_Tyr_kinase_cat_dom,pfscan_Prot_kinase_dom"	"pirsf_Tyr_kinase_CSF1/PDGF_rcpt,pfam_Ser-Thr/Tyr_kinase_cat_dom,pfam_Prot_kinase_dom,pfam_Ig_I-set,pfam_Immunoglobulin,superfamily_Kinase-like_dom,smart_Ig_sub,smart_Ig_sub2,smart_Ser/Thr_dual-sp_kinase_dom,smart_Tyr_kinase_cat_dom,pfscan_Prot_kinase_dom,pfscan_Ig-like_dom"	0	"no_errors"	"KIT"	"HGNC"	"ENSG00000157404"
5	170837546	170837547	0	"CATG"	"INS"	1	"DOID:9119"	"AML"	19657110		"TimLey"																																									"NPM1"	"ENST00000296930"	"human"	"ensembl"	"74_37"	1	"known"	"frame_shift_ins"	"c.862_863"	"p.W288fs"	"1.000:1.000"	"NULL"	"superfamily_Nucleoplasmin_core_dom"	0	"no_errors"	"NPM1"	"HGNC"	"ENSG00000181163"
5	170837546	170837547	0	"CCTG"	"INS"	1	"DOID:9119"	"AML"	19657110		"TimLey"																																									"NPM1"	"ENST00000296930"	"human"	"ensembl"	"74_37"	1	"known"	"frame_shift_ins"	"c.862_863"	"p.W288fs"	"1.000:1.000"	"NULL"	"superfamily_Nucleoplasmin_core_dom"	0	"no_errors"	"NPM1"	"HGNC"	"ENSG00000181163"
5	170837546	170837547	0	"TCAG"	"INS"	1	"DOID:9119"	"AML"	19657110		"TimLey"																																									"NPM1"	"ENST00000296930"	"human"	"ensembl"	"74_37"	1	"known"	"frame_shift_ins"	"c.862_863"	"p.W288fs"	"1.000:1.000"	"NULL"	"superfamily_Nucleoplasmin_core_dom"	0	"no_errors"	"NPM1"	"HGNC"	"ENSG00000181163"
5	170837546	170837547	0	"TCTG"	"INS"	1	"DOID:9119"	"AML"	19657110		"TimLey"																																									"NPM1"	"ENST00000296930"	"human"	"ensembl"	"74_37"	1	"known"	"frame_shift_ins"	"c.862_863"	"p.W288fs"	"1.000:1.000"	"NULL"	"superfamily_Nucleoplasmin_core_dom"	0	"no_errors"	"NPM1"	"HGNC"	"ENSG00000181163"
9	5073770	5073770	"G"	"T"	"SNP"	1	"DOID:4971"	"Myelofibrosis"	24986690					"missense mutation"	"gain-of-function"	"activation"	"response"	"ruxolitinib"	"FDA-approved"	"consensus"	"FDA"																														"JAK2"	"JAK2"	"ENST00000381652"	"human"	"ensembl"	"74_37"	1	"known"	"missense"	"c.1849"	"p.V617F"	1	"pfam_Ser-Thr/Tyr_kinase_cat_dom,pfam_Prot_kinase_dom,superfamily_Kinase-like_dom,smart_Ser/Thr_dual-sp_kinase_dom,smart_Tyr_kinase_cat_dom,pirsf_Tyr_kinase_non-rcpt_Jak/Tyk2,pfscan_Prot_kinase_dom"	"pfam_Ser-Thr/Tyr_kinase_cat_dom,pfam_Prot_kinase_dom,pfam_SH2,superfamily_Kinase-like_dom,superfamily_FERM_central,smart_Band_41_domain,smart_SH2,smart_Ser/Thr_dual-sp_kinase_dom,smart_Tyr_kinase_cat_dom,pirsf_Tyr_kinase_non-rcpt_Jak/Tyk2,pfscan_FERM_domain,pfscan_SH2,pfscan_Prot_kinase_dom,prints_Tyr_kinase_non-rcpt_Jak/Tyk2,prints_Tyr_kinase_non-rcpt_Jak2,prints_Ser-Thr/Tyr_kinase_cat_dom"	0	"no_errors"	"JAK2"	"HGNC"	"ENSG00000096968"
9	5073770	5073770	"G"	"T"	"SNP"	1	"DOID:9119"	"AML"	"24404189,23115274,22829971,22818858,22571758,22041374,21689158,21120162,20339092,20631743,22422826,22829971"		"TimLey"			"missense mutation"	"gain-of-function"	"activation"	"response"	"ruxolitinib"	"early trials"	"emerging"	22422826	"response"	"JAK inhibitors (alone or in combination)"	"preclinical"	"emerging"	22829971																										"JAK2"	"ENST00000381652"	"human"	"ensembl"	"74_37"	1	"known"	"missense"	"c.1849"	"p.V617F"	1	"pfam_Ser-Thr/Tyr_kinase_cat_dom,pfam_Prot_kinase_dom,superfamily_Kinase-like_dom,smart_Ser/Thr_dual-sp_kinase_dom,smart_Tyr_kinase_cat_dom,pirsf_Tyr_kinase_non-rcpt_Jak/Tyk2,pfscan_Prot_kinase_dom"	"pfam_Ser-Thr/Tyr_kinase_cat_dom,pfam_Prot_kinase_dom,pfam_SH2,superfamily_Kinase-like_dom,superfamily_FERM_central,smart_Band_41_domain,smart_SH2,smart_Ser/Thr_dual-sp_kinase_dom,smart_Tyr_kinase_cat_dom,pirsf_Tyr_kinase_non-rcpt_Jak/Tyk2,pfscan_FERM_domain,pfscan_SH2,pfscan_Prot_kinase_dom,prints_Tyr_kinase_non-rcpt_Jak/Tyk2,prints_Tyr_kinase_non-rcpt_Jak2,prints_Ser-Thr/Tyr_kinase_cat_dom"	0	"no_errors"	"JAK2"	"HGNC"	"ENSG00000096968"
7	140453136	140453136	"A"	"T"	"SNP"	1	"DOID:1909"	"Melanoma"	"12068308,14679157,22536370,20630094,21639808,22608338,23020132,20818844,22735384,22356324,22663011,22805292,22048237,22972589,19404918,22389471,21156289,22351686,22997239,23614898,22997239"	"MyCancerGenome"			"http://www.mycancergenome.org/content/disease/melanoma/braf/54"	"missense mutation"	"gain-of-function"	"activation"	"response"	"vemurafenib, dabrafenib, trametinib, dabrafenib + trametinib"	"FDA-approved"	"consensus"	"FDA"	"response"	"BRAF inhibitors"	"early trials"	"emerging"	"J Clin Oncol 2013;31 (suppl; abstr 9028)"	"sensitivity"	"BRAF inhibitors + PI3K pathway inhibitors"	"preclinical"	"emerging"	"22389471, 21156289"	"sensitivity"	"BRAF inhibitors + HSP90 inhibitors"	"preclinical"	"emerging"	22351686	"sensitivity"	"BRAF inhibitors + CDK2/4 inhibitors"	"preclinical"	"emerging"	22997239	"sensitivity"	"ERK inhibitors"	"preclinical"	"emerging"	"23614898, 22997239"						"BRAF"	"ENST00000288602"	"human"	"ensembl"	"74_37"	-1	"known"	"missense"	"c.1799"	"p.V600E"	1	"pfam_Ser-Thr/Tyr_kinase_cat_dom,pfam_Prot_kinase_dom,superfamily_Kinase-like_dom,smart_Ser/Thr_dual-sp_kinase_dom,smart_Tyr_kinase_cat_dom,pfscan_Prot_kinase_dom"	"pfam_Ser-Thr/Tyr_kinase_cat_dom,pfam_Prot_kinase_dom,pfam_Raf-like_ras-bd,pfam_Prot_Kinase_C-like_PE/DAG-bd,superfamily_Kinase-like_dom,smart_Raf-like_ras-bd,smart_Prot_Kinase_C-like_PE/DAG-bd,smart_Ser/Thr_dual-sp_kinase_dom,smart_Tyr_kinase_cat_dom,pfscan_Raf-like_ras-bd,pfscan_Prot_Kinase_C-like_PE/DAG-bd,pfscan_Prot_kinase_dom,prints_Ser-Thr/Tyr_kinase_cat_dom,prints_DAG/PE-bd"	0	"no_errors"	"BRAF"	"HGNC"	"ENSG00000157764"
7	140453134	140453134	"T"	"C"	"SNP"	1	"DOID:1909"	"Melanoma"	"14679157,12068308,22798288,20818844,21639808,22356324,22663011,22663011,22805292,22048237,22972589"	"MyCancerGenome"																																										"BRAF"	"ENST00000288602"	"human"	"ensembl"	"74_37"	-1	"known"	"missense"	"c.1801"	"p.K601E"	1	"pfam_Ser-Thr/Tyr_kinase_cat_dom,pfam_Prot_kinase_dom,superfamily_Kinase-like_dom,smart_Ser/Thr_dual-sp_kinase_dom,smart_Tyr_kinase_cat_dom,pfscan_Prot_kinase_dom"	"pfam_Ser-Thr/Tyr_kinase_cat_dom,pfam_Prot_kinase_dom,pfam_Raf-like_ras-bd,pfam_Prot_Kinase_C-like_PE/DAG-bd,superfamily_Kinase-like_dom,smart_Raf-like_ras-bd,smart_Prot_Kinase_C-like_PE/DAG-bd,smart_Ser/Thr_dual-sp_kinase_dom,smart_Tyr_kinase_cat_dom,pfscan_Raf-like_ras-bd,pfscan_Prot_Kinase_C-like_PE/DAG-bd,pfscan_Prot_kinase_dom,prints_Ser-Thr/Tyr_kinase_cat_dom,prints_DAG/PE-bd"	0	"no_errors"	"BRAF"	"HGNC"	"ENSG00000157764"
